periodCode,accountCode,currency,dimensionKey,debitOriginal,creditOriginal,exchangeRate
2026-06,10020001,CNY,,12032.88,0.00,1
2026-06,10020002,CNY,,102239.01,0.00,1
2026-06,10020004,CNY,,10984.07,0.00,1
2026-06,10020005,CNY,,55369.42,0.00,1
2026-06,10020006,CNY,,0.00,25.00,1
2026-06,10120001,CNY,,806117.05,0.00,1
2026-06,11220001,CNY,,4548338.54,0.00,1
2026-06,11220006,CNY,,72524.00,0.00,1
2026-06,11220007,CNY,,10000.00,0.00,1
2026-06,11220008,CNY,,19500.00,0.00,1
2026-06,11220009,CNY,,1000.00,0.00,1
2026-06,11220010,CNY,,12400.00,0.00,1
2026-06,11220012,CNY,,5200.00,0.00,1
2026-06,11220013,CNY,,24600.00,0.00,1
2026-06,11220015,CNY,,60000.00,0.00,1
2026-06,11220016,CNY,,8080.00,0.00,1
2026-06,11220018,CNY,,10000.00,0.00,1
2026-06,11220019,CNY,,2309353.65,0.00,1
2026-06,11220020,CNY,,627001.70,0.00,1
2026-06,11220021,CNY,,68000.00,0.00,1
2026-06,11220023,CNY,,0.00,14976.00,1
2026-06,11220024,CNY,,396120.00,0.00,1
2026-06,11220025,CNY,,9050.00,0.00,1
2026-06,11220028,CNY,,39200.00,0.00,1
2026-06,11220033,CNY,,278530.00,0.00,1
2026-06,11220037,CNY,,0.00,16200.00,1
2026-06,11220040,CNY,,0.00,57500.00,1
2026-06,11220041,CNY,,54900.00,0.00,1
2026-06,11220048,CNY,,0.00,28180.30,1
2026-06,11220049,CNY,,0.00,1242720.00,1
2026-06,11220059,CNY,,50000.00,0.00,1
2026-06,11220061,CNY,,617500.00,0.00,1
2026-06,11220062,CNY,,312200.00,0.00,1
2026-06,11220063,CNY,,0.00,30000.00,1
2026-06,11220064,CNY,,0.00,250677.00,1
2026-06,11220065,CNY,,0.00,10000.00,1
2026-06,11220066,CNY,,0.00,2478762.65,1
2026-06,11220067,CNY,,0.00,93660.00,1
2026-06,11220068,CNY,,0.00,85536.00,1
2026-06,11220069,CNY,,1597199.40,0.00,1
2026-06,11220077,CNY,,0.00,85536.00,1
2026-06,11220078,CNY,,273000.00,0.00,1
2026-06,11220080,CNY,,0.00,16704.04,1
2026-06,11220082,CNY,,0.00,196216.25,1
2026-06,11220083,CNY,,0.00,250000.00,1
2026-06,11220084,CNY,,0.00,10000.00,1
2026-06,11220086,CNY,,342000.00,0.00,1
2026-06,11220088,CNY,,1090160.10,0.00,1
2026-06,11220091,CNY,,0.00,243300.00,1
2026-06,11220093,CNY,,117600.00,0.00,1
2026-06,11220097,CNY,,0.00,140000.00,1
2026-06,11220099,CNY,,0.00,528672.82,1
2026-06,11220100,CNY,,0.00,27853.00,1
2026-06,11220101,CNY,,0.00,0.18,1
2026-06,11220102,CNY,,0.00,390000.00,1
2026-06,11220103,CNY,,0.00,30000.00,1
2026-06,11220108,CNY,,0.00,0.93,1
2026-06,11220119,CNY,,67680.00,0.00,1
2026-06,11220120,CNY,,568725.00,0.00,1
2026-06,11220121,CNY,,6697.50,0.00,1
2026-06,11220122,CNY,,46100.00,0.00,1
2026-06,11220123,CNY,,32924.75,0.00,1
2026-06,11220124,CNY,,2600.00,0.00,1
2026-06,11220126,CNY,,76440.00,0.00,1
2026-06,11220127,CNY,,50677.17,0.00,1
2026-06,11220131,CNY,,1134330.39,0.00,1
2026-06,11220136,CNY,,0.00,80000.00,1
2026-06,11220137,CNY,,0.00,386639.00,1
2026-06,11220138,CNY,,0.00,46100.00,1
2026-06,11220140,CNY,,26140.00,0.00,1
2026-06,11220141,CNY,,6870.00,0.00,1
2026-06,11220148,CNY,,1162338.00,0.00,1
2026-06,11220150,CNY,,0.00,7920.00,1
2026-06,11220151,CNY,,35400.00,0.00,1
2026-06,11220156,CNY,,0.00,28896.00,1
2026-06,11220158,CNY,,0.00,300000.00,1
2026-06,11220160,CNY,,0.00,1520689.90,1
2026-06,11220161,CNY,,927500.00,0.00,1
2026-06,11220164,CNY,,5000.00,0.00,1
2026-06,11220168,CNY,,0.00,37800.00,1
2026-06,11220170,CNY,,0.00,569444.00,1
2026-06,11220172,CNY,,0.00,43000.00,1
2026-06,11220175,CNY,,0.00,19800.00,1
2026-06,11220178,CNY,,47000.00,0.00,1
2026-06,11220181,CNY,,229100.00,0.00,1
2026-06,11220183,CNY,,600.00,0.00,1
2026-06,11220187,CNY,,0.00,5200.00,1
2026-06,11220188,CNY,,17430.00,0.00,1
2026-06,11220192,CNY,,3500.00,0.00,1
2026-06,11220199,CNY,,0.00,561820.00,1
2026-06,11220201,CNY,,58960.00,0.00,1
2026-06,11220202,CNY,,0.00,10000.00,1
2026-06,11220208,CNY,,6000.00,0.00,1
2026-06,11220210,CNY,,0.00,13800.00,1
2026-06,11220211,CNY,,0.00,3024800.00,1
2026-06,11220213,CNY,,420734.00,0.00,1
2026-06,11220214,CNY,,0.00,124000.00,1
2026-06,11220215,CNY,,0.00,120000.00,1
2026-06,11220218,CNY,,526000.00,0.00,1
2026-06,11220221,CNY,,0.00,23000.00,1
2026-06,11220222,CNY,,5000.00,0.00,1
2026-06,11220224,CNY,,0.00,30000.00,1
2026-06,11220228,CNY,,0.00,29640.00,1
2026-06,11220229,CNY,,165000.00,0.00,1
2026-06,11220231,CNY,,84880.00,0.00,1
2026-06,11220232,CNY,,1459.20,0.00,1
2026-06,11220234,CNY,,68600.00,0.00,1
2026-06,11230002,CNY,,519073.99,0.00,1
2026-06,12210001,CNY,,1841675.85,0.00,1
2026-06,12210002,CNY,,0.00,229.42,1
2026-06,12210003,CNY,,203333.00,0.00,1
2026-06,12210004,CNY,,3000.00,0.00,1
2026-06,12210005,CNY,,0.00,2171.35,1
2026-06,12210008,CNY,,3000.00,0.00,1
2026-06,12210009,CNY,,1000.00,0.00,1
2026-06,12210010,CNY,,0.00,2.33,1
2026-06,12210011,CNY,,0.00,0.93,1
2026-06,12210012,CNY,,0.00,3000.00,1
2026-06,12210013,CNY,,0.00,0.01,1
2026-06,12210014,CNY,,0.00,10001.08,1
2026-06,12210015,CNY,,124000.00,0.00,1
2026-06,12210016,CNY,,50000.00,0.00,1
2026-06,12210017,CNY,,67975.00,0.00,1
2026-06,12210018,CNY,,33796.44,0.00,1
2026-06,12210019,CNY,,781894.73,0.00,1
2026-06,12210021,CNY,,0.00,19860.00,1
2026-06,12210022,CNY,,21500.00,0.00,1
2026-06,12210023,CNY,,18000.00,0.00,1
2026-06,12210024,CNY,,50000.00,0.00,1
2026-06,12210025,CNY,,80000.00,0.00,1
2026-06,12210099,CNY,,0.00,52865.35,1
2026-06,14050001,CNY,,1693859.98,0.00,1
2026-06,14050002,CNY,,194690.27,0.00,1
2026-06,14050003,CNY,,5904.43,0.00,1
2026-06,14050004,CNY,,2105053.51,0.00,1
2026-06,14050005,CNY,,2557.52,0.00,1
2026-06,14110001,CNY,,14705.72,0.00,1
2026-06,16010001001,CNY,,464193.81,0.00,1
2026-06,16010001002,CNY,,40336.28,0.00,1
2026-06,1602,CNY,,0.00,194765.66,1
2026-06,20010001,CNY,,0.00,2423240.53,1
2026-06,20010002,CNY,,0.00,268482.00,1
2026-06,20010003,CNY,,0.00,200000.00,1
2026-06,20010004,CNY,,0.00,3856000.00,1
2026-06,20010005,CNY,,0.00,150000.00,1
2026-06,20010006,CNY,,0.00,48000.00,1
2026-06,22020001,CNY,,0.00,429.00,1
2026-06,22020003,CNY,,0.00,2700.00,1
2026-06,22020004,CNY,,0.00,10000.00,1
2026-06,22020005,CNY,,0.00,756200.00,1
2026-06,22020009,CNY,,15000.00,0.00,1
2026-06,22020010,CNY,,28800.00,0.00,1
2026-06,22020011,CNY,,24295.00,0.00,1
2026-06,22020014,CNY,,0.00,222172.70,1
2026-06,22020015,CNY,,0.00,8900.00,1
2026-06,22020016,CNY,,0.00,4150.00,1
2026-06,22020017,CNY,,460000.00,0.00,1
2026-06,22020018,CNY,,36000.00,0.00,1
2026-06,22020019,CNY,,52512.00,0.00,1
2026-06,22020020,CNY,,14000.00,0.00,1
2026-06,22020021,CNY,,2600.00,0.00,1
2026-06,22020022,CNY,,748.00,0.00,1
2026-06,22020023,CNY,,0.00,6600.00,1
2026-06,22020024,CNY,,0.00,109672.00,1
2026-06,22020025,CNY,,0.00,72982.00,1
2026-06,22020026,CNY,,0.00,1680.00,1
2026-06,22020027,CNY,,0.00,2000.00,1
2026-06,22020028,CNY,,0.00,18000.00,1
2026-06,22020029,CNY,,0.00,29020.00,1
2026-06,22020030,CNY,,0.00,1800.00,1
2026-06,22020031,CNY,,0.00,4658.00,1
2026-06,22020032,CNY,,0.00,529520.00,1
2026-06,22020036,CNY,,0.40,0.00,1
2026-06,22020037,CNY,,0.00,300.00,1
2026-06,22020038,CNY,,0.00,2715.00,1
2026-06,22020042,CNY,,0.00,200000.00,1
2026-06,22020043,CNY,,0.00,622063.95,1
2026-06,22020044,CNY,,0.00,72000.00,1
2026-06,22020045,CNY,,9340.00,0.00,1
2026-06,22020046,CNY,,0.00,403500.00,1
2026-06,22020047,CNY,,49292.00,0.00,1
2026-06,22020049,CNY,,0.00,815900.00,1
2026-06,22020050,CNY,,67357.20,0.00,1
2026-06,22020051,CNY,,34522.00,0.00,1
2026-06,22020052,CNY,,2568.00,0.00,1
2026-06,22020055,CNY,,2396.00,0.00,1
2026-06,22020056,CNY,,6600.00,0.00,1
2026-06,22020058,CNY,,270950.00,0.00,1
2026-06,22020059,CNY,,0.00,20000.00,1
2026-06,22020060,CNY,,583910.00,0.00,1
2026-06,22020061,CNY,,0.00,1275.00,1
2026-06,22020063,CNY,,39500.00,0.00,1
2026-06,22020064,CNY,,41532.00,0.00,1
2026-06,22020065,CNY,,2495.00,0.00,1
2026-06,22020066,CNY,,28000.00,0.00,1
2026-06,22020067,CNY,,44100.00,0.00,1
2026-06,22020068,CNY,,57500.00,0.00,1
2026-06,22020069,CNY,,220000.00,0.00,1
2026-06,22020070,CNY,,0.00,7756.00,1
2026-06,22020075,CNY,,85536.00,0.00,1
2026-06,22020080,CNY,,85536.00,0.00,1
2026-06,22020081,CNY,,1540.00,0.00,1
2026-06,22020082,CNY,,127050.00,0.00,1
2026-06,22020083,CNY,,95885.00,0.00,1
2026-06,22020086,CNY,,7650.00,0.00,1
2026-06,22020087,CNY,,10000.00,0.00,1
2026-06,22020088,CNY,,380000.00,0.00,1
2026-06,22020089,CNY,,38552.96,0.00,1
2026-06,22020091,CNY,,0.00,682.97,1
2026-06,22020094,CNY,,0.00,718.00,1
2026-06,22020095,CNY,,0.00,3024.00,1
2026-06,22020098,CNY,,0.00,1094963.00,1
2026-06,22020099,CNY,,0.00,1859095.04,1
2026-06,22020100,CNY,,0.00,131.52,1
2026-06,22020102,CNY,,0.00,331560.00,1
2026-06,22020103,CNY,,0.00,669.00,1
2026-06,22020104,CNY,,0.00,354.00,1
2026-06,22020106,CNY,,0.00,2000.00,1
2026-06,22020107,CNY,,0.00,1680000.00,1
2026-06,22020108,CNY,,999913.66,0.00,1
2026-06,22020109,CNY,,12900.00,0.00,1
2026-06,22020110,CNY,,11000.00,0.00,1
2026-06,22020112,CNY,,0.00,4999.00,1
2026-06,22020120,CNY,,4000.00,0.00,1
2026-06,22020121,CNY,,0.00,110000.00,1
2026-06,22020122,CNY,,76100.00,0.00,1
2026-06,22020123,CNY,,0.00,67680.00,1
2026-06,22020124,CNY,,92388.00,0.00,1
2026-06,22020125,CNY,,150000.00,0.00,1
2026-06,22020126,CNY,,20000.00,0.00,1
2026-06,22020127,CNY,,400000.00,0.00,1
2026-06,22020128,CNY,,8980.00,0.00,1
2026-06,22020131,CNY,,0.00,112500.00,1
2026-06,22020134,CNY,,0.00,5100.20,1
2026-06,22020138,CNY,,0.00,999.00,1
2026-06,22020139,CNY,,0.00,5700.00,1
2026-06,22020142,CNY,,11342.00,0.00,1
2026-06,22020145,CNY,,0.00,1114.00,1
2026-06,22020146,CNY,,197288.80,0.00,1
2026-06,22020147,CNY,,0.00,4161.76,1
2026-06,22020148,CNY,,0.00,207340.00,1
2026-06,22020150,CNY,,0.00,8665.75,1
2026-06,22020152,CNY,,79500.00,0.00,1
2026-06,22020154,CNY,,112500.00,0.00,1
2026-06,22020155,CNY,,9212.00,0.00,1
2026-06,22020157,CNY,,12600.00,0.00,1
2026-06,22020158,CNY,,2440.00,0.00,1
2026-06,22020159,CNY,,10000.00,0.00,1
2026-06,22020161,CNY,,2119200.00,0.00,1
2026-06,22020162,CNY,,3680.00,0.00,1
2026-06,22020164,CNY,,52200.00,0.00,1
2026-06,22020167,CNY,,0.00,148600.00,1
2026-06,22020168,CNY,,429.56,0.00,1
2026-06,22020170,CNY,,0.00,1744512.00,1
2026-06,22020171,CNY,,0.00,868.00,1
2026-06,22020172,CNY,,0.00,950164.00,1
2026-06,22020173,CNY,,0.00,5342833.58,1
2026-06,22020176,CNY,,673955.20,0.00,1
2026-06,22020177,CNY,,600000.00,0.00,1
2026-06,22020178,CNY,,0.00,139336.20,1
2026-06,22020179,CNY,,1680000.00,0.00,1
2026-06,22020180,CNY,,3000.00,0.00,1
2026-06,22020182,CNY,,62758.00,0.00,1
2026-06,22020183,CNY,,4770.00,0.00,1
2026-06,22020184,CNY,,12600.00,0.00,1
2026-06,22020185,CNY,,345597.35,0.00,1
2026-06,22020186,CNY,,28896.00,0.00,1
2026-06,22020187,CNY,,0.00,65500.00,1
2026-06,22020188,CNY,,0.00,1580.92,1
2026-06,22020193,CNY,,14500.00,0.00,1
2026-06,22020195,CNY,,0.00,15.96,1
2026-06,22020197,CNY,,0.00,2112742.00,1
2026-06,22020200,CNY,,132000.00,0.00,1
2026-06,22020201,CNY,,18450.00,0.00,1
2026-06,22020202,CNY,,2297500.00,0.00,1
2026-06,22020203,CNY,,0.00,300000.00,1
2026-06,22020206,CNY,,0.00,0.20,1
2026-06,22020209,CNY,,950164.00,0.00,1
2026-06,22020210,CNY,,139337.00,0.00,1
2026-06,22020211,CNY,,60000.00,0.00,1
2026-06,22020212,CNY,,120000.00,0.00,1
2026-06,22020213,CNY,,0.00,857.62,1
2026-06,22020214,CNY,,3000.00,0.00,1
2026-06,22020215,CNY,,4600.00,0.00,1
2026-06,22020216,CNY,,422000.00,0.00,1
2026-06,22020217,CNY,,12000.00,0.00,1
2026-06,22020218,CNY,,46900.00,0.00,1
2026-06,22020219,CNY,,0.00,5231.30,1
2026-06,22020220,CNY,,0.00,667.90,1
2026-06,22020221,CNY,,22000.00,0.00,1
2026-06,22020222,CNY,,30000.00,0.00,1
2026-06,22020223,CNY,,0.00,39.90,1
2026-06,22020224,CNY,,0.00,1300.00,1
2026-06,22020225,CNY,,0.00,182.90,1
2026-06,22020226,CNY,,52052.00,0.00,1
2026-06,22020228,CNY,,10000.00,0.00,1
2026-06,22020229,CNY,,0.00,1177.80,1
2026-06,22020230,CNY,,0.00,23.80,1
2026-06,22020231,CNY,,2252.88,0.00,1
2026-06,22020232,CNY,,960000.00,0.00,1
2026-06,22020233,CNY,,9300.00,0.00,1
2026-06,22020234,CNY,,300000.00,0.00,1
2026-06,22020235,CNY,,0.00,17424.00,1
2026-06,22020237,CNY,,390000.00,0.00,1
2026-06,22020239,CNY,,1400.00,0.00,1
2026-06,22020241,CNY,,0.00,40.00,1
2026-06,22020242,CNY,,0.00,398.99,1
2026-06,22020243,CNY,,0.00,550.00,1
2026-06,22020244,CNY,,0.00,331.00,1
2026-06,22020245,CNY,,0.00,2640.00,1
2026-06,22020246,CNY,,14800.00,0.00,1
2026-06,22020247,CNY,,5000.00,0.00,1
2026-06,22020250,CNY,,0.00,4127.34,1
2026-06,22020251,CNY,,0.00,1156.00,1
2026-06,22020252,CNY,,4770.00,0.00,1
2026-06,22020253,CNY,,0.00,80.00,1
2026-06,22020254,CNY,,0.00,109.04,1
2026-06,22020255,CNY,,1500.00,0.00,1
2026-06,22030001,CNY,,0.00,21630.00,1
2026-06,22110001,CNY,,0.00,148540.11,1
2026-06,22110002,CNY,,0.00,24704.39,1
2026-06,22110003,CNY,,0.00,420.68,1
2026-06,22110004,CNY,,13447.50,0.00,1
2026-06,22210001001,CNY,,11872831.75,0.00,1
2026-06,22210001005,CNY,,1713879.94,0.00,1
2026-06,22210001006,CNY,,0.00,13434096.84,1
2026-06,22210002,CNY,,47213.67,0.00,1
2026-06,22210006,CNY,,0.00,3833.99,1
2026-06,22210008,CNY,,8956.46,0.00,1
2026-06,22210012,CNY,,0.00,122011.08,1
2026-06,22210013,CNY,,1130.04,0.00,1
2026-06,22210014,CNY,,753.38,0.00,1
2026-06,22210015,CNY,,251294.25,0.00,1
2026-06,22410001,CNY,,0.00,247289.64,1
2026-06,22410002,CNY,,0.00,17074.31,1
2026-06,22410003,CNY,,721.62,0.00,1
2026-06,22410004,CNY,,0.00,4769.00,1
2026-06,22410005,CNY,,1092468.27,0.00,1
2026-06,22410006,CNY,,1113512.13,0.00,1
2026-06,22410007,CNY,,0.00,281437.63,1
2026-06,22410008,CNY,,1260.00,0.00,1
2026-06,22410009,CNY,,1400.00,0.00,1
2026-06,22410010,CNY,,37755.00,0.00,1
2026-06,22410011,CNY,,0.00,25307.78,1
2026-06,22410012,CNY,,0.00,4100.00,1
2026-06,22410013,CNY,,140142.79,0.00,1
2026-06,22410014,CNY,,2000.00,0.00,1
2026-06,22410015,CNY,,690972.35,0.00,1
2026-06,22410016,CNY,,10212.00,0.00,1
2026-06,22410017,CNY,,10720.96,0.00,1
2026-06,22410018,CNY,,697400.00,0.00,1
2026-06,22410019,CNY,,1221779.83,0.00,1
2026-06,22410020,CNY,,41665.00,0.00,1
2026-06,22410021,CNY,,0.00,0.22,1
2026-06,22410022,CNY,,0.00,1550315.62,1
2026-06,22410023,CNY,,3393.71,0.00,1
2026-06,22410024,CNY,,11100.00,0.00,1
2026-06,22410025,CNY,,109300.00,0.00,1
2026-06,22410028,CNY,,25901.00,0.00,1
2026-06,22410029,CNY,,0.00,900.00,1
2026-06,22410030,CNY,,0.00,25695.50,1
2026-06,22410031,CNY,,0.00,773.75,1
2026-06,22410033,CNY,,200000.00,0.00,1
2026-06,22410034,CNY,,0.00,45000.00,1
2026-06,22410036,CNY,,27080.00,0.00,1
2026-06,22410037,CNY,,0.00,40000.00,1
2026-06,22410038,CNY,,11338.68,0.00,1
2026-06,22410039,CNY,,0.00,198.00,1
2026-06,22410041,CNY,,25996.59,0.00,1
2026-06,22410042,CNY,,500.00,0.00,1
2026-06,22410043,CNY,,0.00,1317.54,1
2026-06,22410044,CNY,,45000.00,0.00,1
2026-06,22410045,CNY,,0.00,2476.00,1
2026-06,22410046,CNY,,0.00,2717.01,1
2026-06,22410047,CNY,,0.00,2999.00,1
2026-06,22410049,CNY,,6500.00,0.00,1
2026-06,22410050,CNY,,5300.00,0.00,1
2026-06,22410052,CNY,,55000.00,0.00,1
2026-06,22410053,CNY,,23799.00,0.00,1
2026-06,22410054,CNY,,500.00,0.00,1
2026-06,22410057,CNY,,15000.00,0.00,1
2026-06,22410058,CNY,,0.00,9.40,1
2026-06,22410059,CNY,,20670.00,0.00,1
2026-06,22410060,CNY,,0.00,9.20,1
2026-06,22410061,CNY,,0.00,14.50,1
2026-06,22410063,CNY,,200000.00,0.00,1
2026-06,22410064,CNY,,150000.00,0.00,1
2026-06,22410065,CNY,,0.00,27900.00,1
2026-06,22410067,CNY,,26500.00,0.00,1
2026-06,22410068,CNY,,0.00,130064.68,1
2026-06,22410069,CNY,,0.00,202.40,1
2026-06,22410070,CNY,,0.00,1250.00,1
2026-06,22410071,CNY,,0.00,978.00,1
2026-06,22410072,CNY,,0.00,600.00,1
2026-06,22410073,CNY,,0.00,4751.38,1
2026-06,22410074,CNY,,0.00,1070.00,1
2026-06,22410076,CNY,,39930.00,0.00,1
2026-06,22410077,CNY,,6000.00,0.00,1
2026-06,22410078,CNY,,0.00,13000.00,1
2026-06,22410080,CNY,,0.00,50998.91,1
2026-06,22410081,CNY,,0.00,12000.00,1
2026-06,22410082,CNY,,0.00,6.00,1
2026-06,22410083,CNY,,0.00,40.50,1
2026-06,22410084,CNY,,0.00,4995.00,1
2026-06,22410085,CNY,,0.00,422000.00,1
2026-06,22410086,CNY,,0.00,52052.00,1
2026-06,22410087,CNY,,0.00,60000.00,1
2026-06,22410088,CNY,,0.00,3878.50,1
2026-06,22410089,CNY,,10000.00,0.00,1
2026-06,22410090,CNY,,0.00,643.50,1
2026-06,22410091,CNY,,0.00,12800.00,1
2026-06,22410092,CNY,,0.00,120000.00,1
2026-06,22410093,CNY,,0.00,30000.00,1
2026-06,22410094,CNY,,23850.00,0.00,1
2026-06,22410095,CNY,,0.00,10900.00,1
2026-06,22410096,CNY,,48000.00,0.00,1
2026-06,22410097,CNY,,0.00,1916.00,1
2026-06,22410098,CNY,,11667.77,0.00,1
2026-06,22410099,CNY,,0.00,2252.88,1
2026-06,22410100,CNY,,0.00,300.00,1
2026-06,22410101,CNY,,0.00,226.80,1
2026-06,22410102,CNY,,0.00,194.20,1
2026-06,22410103,CNY,,0.00,4400.00,1
2026-06,22410104,CNY,,0.00,48.00,1
2026-06,22410105,CNY,,0.00,1400.00,1
2026-06,22410106,CNY,,0.00,5899.00,1
2026-06,22410107,CNY,,0.00,1697064.79,1
2026-06,22410108,CNY,,0.00,67984.49,1
2026-06,22410109,CNY,,3460.00,0.00,1
2026-06,22410110,CNY,,9924.00,0.00,1
2026-06,22410111,CNY,,6452.00,0.00,1
2026-06,22410113,CNY,,0.00,7000.00,1
2026-06,22410114,CNY,,500.00,0.00,1
2026-06,22410115,CNY,,89091.53,0.00,1
2026-06,22410116,CNY,,27000.00,0.00,1
2026-06,22410117,CNY,,4127.34,0.00,1
2026-06,22410118,CNY,,0.00,150000.00,1
2026-06,22410119,CNY,,13000.00,0.00,1
2026-06,3001,CNY,,0.00,500000.00,1
2026-06,3103,CNY,,0.00,1423536.13,1
2026-06,31040015,CNY,,0.00,4826703.70,1
2026-06,43010001001,CNY,,1070408.62,0.00,1
2026-06,43010001002,CNY,,49021.37,0.00,1
2026-06,43010001008,CNY,,61247.80,0.00,1
2026-06,44030001,CNY,,166270.40,0.00,1
